{"cameraMode":{"drawMode":0,"name":"Shaded","section":"Shading Mode"},"sceneLighting":true,"audioPlay":false,"sceneViewState":{"showFog":false,"showMaterialUpdate":false,"showSkybox":true,"showFlares":false,"showImageEffects":false,"showParticleSystems":false},"in2DMode":false,"pivot":{"x":1.6625137329101563,"y":8.08894157409668,"z":47.29014587402344},"rotation":{"x":-0.09343463182449341,"y":0.3328735828399658,"z":-0.033166512846946719,"w":-0.9377460479736328},"size":45.95411682128906,"orthographic":false}