{"cameraMode":{"drawMode":0,"name":"Shaded","section":"Shading Mode"},"sceneLighting":true,"audioPlay":false,"sceneViewState":{"showFog":false,"showMaterialUpdate":false,"showSkybox":true,"showFlares":false,"showImageEffects":false,"showParticleSystems":false},"in2DMode":false,"pivot":{"x":-147.19309997558595,"y":-63.90491485595703,"z":-348.8725280761719},"rotation":{"x":0.013711887411773205,"y":-0.9862710237503052,"z":0.11413724720478058,"w":0.11883164942264557},"size":248.1153106689453,"orthographic":false}