{"cameraMode":{"drawMode":0,"name":"Shaded","section":"Shading Mode"},"sceneLighting":false,"audioPlay":false,"sceneViewState":{"showFog":false,"showMaterialUpdate":false,"showSkybox":false,"showFlares":false,"showImageEffects":false,"showParticleSystems":false},"in2DMode":false,"pivot":{"x":0.011189460754394532,"y":-1.1959843635559083,"z":0.0},"rotation":{"x":-0.20172026753425599,"y":0.4307217299938202,"z":-0.09938649833202362,"w":-0.8740493059158325},"size":8.914423942565918,"orthographic":false}